{
	"class_name" : "PinholeCameraParameters",
	"extrinsic" : 
	[
		0.6981005747493304,
		0.28917189101167373,
		-0.65500779001733045,
		0.0,
		0.71459603761898882,
		-0.33864507495298563,
		0.61210457948730246,
		0.0,
		-0.044811723397959718,
		-0.8953765301027381,
		-0.44304940896844147,
		0.0,
		-7.4344661406469452,
		-10.127674364145602,
		83.638277044712467,
		1.0
	],
	"intrinsic" : 
	{
		"height" : 800,
		"intrinsic_matrix" : 
		[
			692.82032302755101,
			0.0,
			0.0,
			0.0,
			692.82032302755101,
			0.0,
			399.5,
			399.5,
			1.0
		],
		"width" : 800
	},
	"version_major" : 1,
	"version_minor" : 0
}