{
	"class_name" : "PinholeCameraParameters",
	"extrinsic" : 
	[
		0.99864060664735799,
		0.029685005670202828,
		-0.042845527110271404,
		0.0,
		0.047453147346726503,
		-0.85787122756485756,
		0.51166899038661129,
		0.0,
		-0.021567048056858409,
		-0.51300658607343852,
		-0.85811369006873972,
		0.0,
		-3.0587015410297873,
		-4.4878868798061227,
		67.645610322067114,
		1.0
	],
	"intrinsic" : 
	{
		"height" : 800,
		"intrinsic_matrix" : 
		[
			692.82032302755101,
			0.0,
			0.0,
			0.0,
			692.82032302755101,
			0.0,
			399.5,
			399.5,
			1.0
		],
		"width" : 800
	},
	"version_major" : 1,
	"version_minor" : 0
}