{
	"class_name" : "PinholeCameraParameters",
	"extrinsic" : 
	[
		0.66310761666611495,
		0.26501683675122262,
		-0.70003883103565101,
		0.0,
		-0.062015965817982105,
		0.95146152088475699,
		0.30145479637804423,
		0.0,
		0.74595060741516117,
		-0.15648338734204678,
		0.64735665655256169,
		0.0,
		0.61557073700171117,
		-0.42876753777763099,
		78.354909990175855,
		1.0
	],
	"intrinsic" : 
	{
		"height" : 800,
		"intrinsic_matrix" : 
		[
			692.82032302755101,
			0.0,
			0.0,
			0.0,
			692.82032302755101,
			0.0,
			399.5,
			399.5,
			1.0
		],
		"width" : 800
	},
	"version_major" : 1,
	"version_minor" : 0
}