{
	"class_name" : "PinholeCameraParameters",
	"extrinsic" : 
	[
		0.99903316193071068,
		-0.0008635857303947482,
		0.043954471699849909,
		0.0,
		0.012955991973523474,
		-0.94962128613000429,
		-0.31313184954708573,
		0.0,
		0.042010518143777327,
		0.31339857553678035,
		-0.94869196750937468,
		0.0,
		-1.081227494777776,
		3.2159219977215265,
		67.615611984499395,
		1.0
	],
	"intrinsic" : 
	{
		"height" : 800,
		"intrinsic_matrix" : 
		[
			692.82032302755101,
			0.0,
			0.0,
			0.0,
			692.82032302755101,
			0.0,
			399.5,
			399.5,
			1.0
		],
		"width" : 800
	},
	"version_major" : 1,
	"version_minor" : 0
}