{
	"class_name" : "PinholeCameraParameters",
	"extrinsic" : 
	[
		0.98088074711201756,
		-0.024276645457761762,
		0.19308962797180121,
		0.0,
		0.06338140806615572,
		-0.89824230046376818,
		-0.43490638851264207,
		0.0,
		0.18399933982632086,
		0.43882959579189257,
		-0.87952989079428245,
		0.0,
		-0.025682783616346128,
		0.21606447817431762,
		2.6819559875588994,
		1.0
	],
	"intrinsic" : 
	{
		"height" : 800,
		"intrinsic_matrix" : 
		[
			692.82032302755101,
			0.0,
			0.0,
			0.0,
			692.82032302755101,
			0.0,
			399.5,
			399.5,
			1.0
		],
		"width" : 800
	},
	"version_major" : 1,
	"version_minor" : 0
}